<?xml version="1.0" encoding="UTF-8"?>
<!--
 * Licensed under the GPL License.  You may not use this file except in
 * compliance with the License.  You may obtain a copy of the License at
 *
 *     http://www.gnu.org/licenses/old-licenses/gpl-2.0.html
 *
 * THIS PACKAGE IS PROVIDED "AS IS" AND WITHOUT ANY EXPRESS OR IMPLIED
 * WARRANTIES, INCLUDING, WITHOUT LIMITATION, THE IMPLIED WARRANTIES OF
 * MERCHANTIBILITY AND FITNESS FOR A PARTICULAR PURPOSE.
-->

<sitemesh>
	<property name="decorators-file" value="/WEB-INF/decorators.xml" />
	<excludes file="${decorators-file}" />

	<page-parsers>
		<parser content-type="text/html"
				class="com.opensymphony.module.sitemesh.parser.FastPageParser" />
		<parser content-type="text/html;charset=ISO-8859-1"
				class="com.opensymphony.module.sitemesh.parser.FastPageParser" />
	</page-parsers>

	<decorator-mappers>
		<mapper class="com.googlecode.psiprobe.mappers.AjaxDecoratorMapper">
			<param name="ajaxExtension" value=".ajax"/>
		</mapper>

		<mapper class="com.opensymphony.module.sitemesh.mapper.ConfigDecoratorMapper">
			<param name="config" value="${decorators-file}" />
		</mapper>
	</decorator-mappers>
</sitemesh>